Div,Date,HomeTeam,AwayTeam,FTHG,FTAG,FTR,HTHG,HTAG,HTR,HS,AS,HST,AST,HF,AF,HC,AC,HY,AY,HR,AR,B365H,B365D,B365A
SP1,19-08-2016,La Coruna,Eibar,2,1,H,0,0,D,11,12,6,6,14,17,1,8,3,3,0,0,1.95,3.4,4.2
SP1,19-08-2016,Malaga,Osasuna,1,1,D,0,0,D,14,8,4,3,11,22,5,3,2,3,0,0,1.62,3.75,6
SP1,20-08-2016,Barcelona,Betis,6,2,H,3,1,H,30,6,12,2,17,13,10,2,1,3,0,0,1.08,11,29
SP1,20-08-2016,Granada,Villarreal,1,1,D,0,0,D,7,12,1,3,17,11,7,3,2,3,0,0,2.5,3.2,3
SP1,20-08-2016,Sevilla,Espanol,6,4,H,3,3,D,16,10,11,7,8,15,8,2,2,2,0,0,1.67,4,5
SP1,21-08-2016,Ath Madrid,Alaves,1,1,D,0,0,D,27,2,6,1,7,15,20,2,0,4,0,0,1.2,6.5,17
SP1,21-08-2016,Sociedad,Real Madrid,0,3,A,0,2,A,8,18,0,8,22,11,4,7,2,3,0,0,4.75,3.8,1.75
SP1,21-08-2016,Sp Gijon,Ath Bilbao,2,1,H,0,0,D,12,13,4,4,18,15,2,5,3,3,0,0,4,3.5,1.95
SP1,22-08-2016,Celta,Leganes,0,1,A,0,0,D,10,15,2,6,5,13,8,4,4,1,0,1,1.65,3.75,5.75
SP1,22-08-2016,Valencia,Las Palmas,2,4,A,2,3,A,17,6,8,4,15,18,12,1,2,2,0,0,1.73,3.75,5
SP1,26-08-2016,Betis,La Coruna,0,0,D,0,0,D,15,12,5,1,20,15,13,2,0,2,0,0,2.2,3.2,3.5
SP1,26-08-2016,Espanol,Malaga,2,2,D,1,0,H,7,9,2,3,20,17,3,4,2,4,0,0,2.3,3.1,3.4
SP1,27-08-2016,Eibar,Valencia,1,0,H,0,0,D,13,13,6,3,13,11,6,10,2,2,0,0,2.7,3.2,2.75
SP1,27-08-2016,Leganes,Ath Madrid,0,0,D,0,0,D,6,10,1,3,19,5,1,8,3,1,0,0,8.5,3.6,1.53
SP1,27-08-2016,Osasuna,Sociedad,0,2,A,0,1,A,8,5,3,4,14,14,10,1,2,1,0,0,3.1,3.1,2.5
SP1,27-08-2016,Real Madrid,Celta,2,1,H,0,0,D,24,8,10,3,8,11,7,2,0,2,0,0,1.18,7,17
SP1,28-08-2016,Alaves,Sp Gijon,0,0,D,0,0,D,13,7,2,1,10,12,4,6,1,1,0,0,2.15,3.2,3.75
SP1,28-08-2016,Ath Bilbao,Barcelona,0,1,A,0,1,A,9,12,4,3,20,13,4,4,5,4,0,0,6.5,4.33,1.5
SP1,28-08-2016,Las Palmas,Granada,5,1,H,1,1,D,15,13,10,2,8,16,6,4,5,1,0,0,1.91,3.4,4.33
SP1,28-08-2016,Villarreal,Sevilla,0,0,D,0,0,D,12,6,5,0,16,12,5,1,1,3,0,0,2.5,3.4,2.8
SP1,09-09-2016,Sociedad,Espanol,1,1,D,0,0,D,9,4,3,1,10,10,11,1,2,2,0,1,2.05,3.4,3.75
SP1,10-09-2016,Barcelona,Alaves,1,2,A,0,1,A,16,5,2,4,12,12,13,0,1,1,0,0,1.07,12,34
SP1,10-09-2016,Celta,Ath Madrid,0,4,A,0,0,D,9,13,1,6,13,12,6,4,1,2,0,0,6,3.3,1.73
SP1,10-09-2016,Malaga,Villarreal,0,2,A,0,2,A,15,12,2,6,8,14,9,7,2,1,0,0,2.3,3.1,3.3
SP1,10-09-2016,Real Madrid,Osasuna,5,2,H,3,0,H,25,10,11,3,14,14,6,7,2,2,0,1,1.04,15,34
SP1,10-09-2016,Sevilla,Las Palmas,2,1,H,0,1,A,16,7,7,4,15,13,10,1,2,4,0,1,1.5,4.33,6
SP1,11-09-2016,Granada,Eibar,1,2,A,0,1,A,15,10,5,8,7,8,6,7,2,0,0,1,2.15,3.25,3.5
SP1,11-09-2016,La Coruna,Ath Bilbao,0,1,A,0,1,A,16,7,3,2,15,15,7,6,2,3,0,0,3.6,3.25,2.15
SP1,11-09-2016,Sp Gijon,Leganes,2,1,H,2,0,H,7,9,4,2,12,16,3,5,0,2,0,0,2.25,3.2,3.4
SP1,11-09-2016,Valencia,Betis,2,3,A,0,1,A,23,12,9,5,15,21,5,5,2,4,1,0,1.65,4.2,5
SP1,16-09-2016,Betis,Granada,2,2,D,1,2,A,23,15,7,8,13,17,7,3,4,3,1,1,1.73,3.75,5
SP1,17-09-2016,Ath Madrid,Sp Gijon,5,0,H,3,0,H,18,10,7,1,14,9,1,4,0,2,0,0,1.18,6.5,21
SP1,17-09-2016,Eibar,Sevilla,1,1,D,0,1,A,10,8,2,4,19,10,4,2,1,1,2,0,3.1,3.3,2.35
SP1,17-09-2016,Las Palmas,Malaga,1,0,H,1,0,H,6,10,2,2,11,18,2,2,3,1,0,0,2.3,3.25,3.3
SP1,17-09-2016,Leganes,Barcelona,1,5,A,0,3,A,15,10,6,7,28,7,2,5,4,2,0,0,17,7,1.18
SP1,18-09-2016,Ath Bilbao,Valencia,2,1,H,2,1,H,13,10,4,2,19,20,7,1,4,4,0,0,1.85,3.6,4.33
SP1,18-09-2016,Espanol,Real Madrid,0,2,A,0,1,A,11,13,2,7,19,8,4,5,4,2,0,0,7.5,5.5,1.36
SP1,18-09-2016,Osasuna,Celta,0,0,D,0,0,D,9,13,2,5,18,13,3,5,4,1,0,0,2.9,3.1,2.6
SP1,18-09-2016,Villarreal,Sociedad,2,1,H,2,1,H,9,15,4,2,13,16,3,6,2,3,0,1,1.85,3.5,4.5
SP1,19-09-2016,Alaves,La Coruna,0,0,D,0,0,D,9,16,1,1,16,8,4,5,3,4,0,0,2.3,3,3.5
SP1,20-09-2016,Malaga,Eibar,2,1,H,1,1,D,14,12,6,3,7,13,7,5,2,4,0,0,1.85,3.4,4.75
SP1,20-09-2016,Sevilla,Betis,1,0,H,0,0,D,12,8,3,3,24,17,6,2,5,4,0,0,1.45,4.5,7
SP1,21-09-2016,Barcelona,Ath Madrid,1,1,D,1,0,H,19,9,7,4,14,17,8,2,2,4,0,0,1.6,4,5.5
SP1,21-09-2016,Celta,Sp Gijon,2,1,H,0,0,D,16,4,5,1,16,8,8,0,2,3,0,0,1.57,4,6
SP1,21-09-2016,Granada,Ath Bilbao,1,2,A,1,1,D,13,13,2,8,8,9,6,3,1,0,0,0,4.5,3.5,1.85
SP1,21-09-2016,Real Madrid,Villarreal,1,1,D,0,1,A,22,8,6,3,9,9,17,3,4,1,0,0,1.2,7,15
SP1,21-09-2016,Sociedad,Las Palmas,4,1,H,3,0,H,17,8,7,3,3,7,7,4,1,2,0,1,2,3.5,3.75
SP1,22-09-2016,La Coruna,Leganes,1,2,A,1,0,H,12,8,5,2,20,18,7,1,0,3,0,0,2.15,3.25,3.6
SP1,22-09-2016,Osasuna,Espanol,1,2,A,0,1,A,17,10,11,2,16,14,7,1,2,1,0,0,2.88,3.2,2.6
SP1,22-09-2016,Valencia,Alaves,2,1,H,1,1,D,12,8,2,1,14,13,7,4,2,3,0,0,1.57,3.75,6
SP1,23-09-2016,Betis,Malaga,1,0,H,1,0,H,11,16,4,6,20,15,6,5,4,6,0,0,2.6,3.1,2.9
SP1,24-09-2016,Ath Bilbao,Sevilla,3,1,H,1,0,H,14,5,7,2,9,9,4,5,2,2,0,1,2.05,3.4,3.75
SP1,24-09-2016,Eibar,Sociedad,2,0,H,0,0,D,17,3,3,0,15,13,5,3,4,2,0,1,2.45,3.2,3
SP1,24-09-2016,Las Palmas,Real Madrid,2,2,D,1,1,D,8,27,6,11,7,19,0,5,3,2,0,0,8.5,5,1.36
SP1,24-09-2016,Sp Gijon,Barcelona,0,5,A,0,2,A,10,13,3,7,15,10,4,3,1,0,1,0,13,6.5,1.22
SP1,25-09-2016,Ath Madrid,La Coruna,1,0,H,0,0,D,21,8,5,1,13,19,10,0,1,2,0,1,1.22,5.5,19
SP1,25-09-2016,Espanol,Celta,0,2,A,0,0,D,10,12,2,4,15,13,4,7,2,3,0,0,2.25,3.3,3.3
SP1,25-09-2016,Leganes,Valencia,1,2,A,1,1,D,7,10,3,4,19,17,1,5,4,4,0,0,2.8,3.2,2.6
SP1,25-09-2016,Villarreal,Osasuna,3,1,H,3,1,H,12,11,5,3,7,16,5,5,0,2,0,0,1.4,4.33,9.5
SP1,26-09-2016,Alaves,Granada,3,1,H,0,0,D,16,13,6,3,15,19,5,6,3,3,0,0,2.1,3.3,3.75
SP1,30-09-2016,Sociedad,Betis,1,0,H,0,0,D,16,5,8,2,17,22,4,2,2,3,0,0,1.8,3.5,4.75
SP1,01-10-2016,Granada,Leganes,0,1,A,0,0,D,8,9,1,3,13,20,6,4,1,0,0,0,2.45,3.3,3
SP1,01-10-2016,La Coruna,Sp Gijon,2,1,H,1,0,H,21,7,6,2,17,26,11,4,0,4,0,0,1.95,3.4,4.2
SP1,01-10-2016,Osasuna,Las Palmas,2,2,D,2,0,H,5,17,3,5,17,7,1,12,3,4,0,0,2.6,3.2,2.8
SP1,01-10-2016,Sevilla,Alaves,2,1,H,0,0,D,20,6,12,1,10,13,9,2,2,6,0,0,1.44,4.33,8
SP1,02-10-2016,Celta,Barcelona,4,3,H,3,0,H,14,13,9,4,16,11,3,6,1,3,0,0,8,4.75,1.4
SP1,02-10-2016,Espanol,Villarreal,0,0,D,0,0,D,9,5,1,1,14,10,3,1,2,2,0,0,2.88,3.1,2.63
SP1,02-10-2016,Malaga,Ath Bilbao,2,1,H,0,1,A,15,7,3,1,19,11,7,2,7,3,1,1,2.45,3,3.3
SP1,02-10-2016,Real Madrid,Eibar,1,1,D,1,1,D,15,7,3,4,8,15,7,5,4,5,0,0,1.08,11,26
SP1,02-10-2016,Valencia,Ath Madrid,0,2,A,0,0,D,14,17,5,10,10,15,6,5,1,3,0,0,4.5,3.5,1.85
SP1,14-10-2016,Las Palmas,Espanol,0,0,D,0,0,D,13,5,8,2,13,21,8,4,2,3,0,0,1.95,3.4,4.2
SP1,15-10-2016,Ath Madrid,Granada,7,1,H,2,1,H,17,9,11,2,14,8,11,3,1,1,0,0,1.13,10,17
SP1,15-10-2016,Barcelona,La Coruna,4,0,H,3,0,H,25,7,8,0,5,15,8,2,1,2,0,1,1.1,10,26
SP1,15-10-2016,Betis,Real Madrid,1,6,A,0,4,A,13,22,2,9,14,8,2,5,4,1,0,0,8,5.25,1.36
SP1,15-10-2016,Leganes,Sevilla,2,3,A,0,1,A,19,5,6,4,17,20,5,2,2,5,0,0,3.4,3.2,2.25
SP1,16-10-2016,Alaves,Malaga,1,1,D,1,0,H,8,12,4,5,14,14,6,7,3,3,1,1,2.6,3,3
SP1,16-10-2016,Ath Bilbao,Sociedad,3,2,H,0,1,A,15,6,11,3,17,19,7,4,3,3,0,0,1.83,3.6,4.4
SP1,16-10-2016,Sp Gijon,Valencia,1,2,A,1,1,D,10,7,2,3,21,11,4,4,5,1,0,0,3.6,3.4,2.1
SP1,16-10-2016,Villarreal,Celta,5,0,H,3,0,H,11,4,5,1,19,12,3,5,1,4,0,1,1.85,3.4,4.75
SP1,17-10-2016,Eibar,Osasuna,2,3,A,2,2,D,13,8,5,4,15,12,5,0,1,2,0,0,1.7,3.6,5
SP1,21-10-2016,Osasuna,Betis,1,2,A,0,1,A,13,12,5,6,20,12,6,4,3,2,1,0,2.4,3.2,3.1
SP1,22-10-2016,Espanol,Eibar,3,3,D,0,3,A,11,8,5,3,11,12,7,6,1,6,1,0,2.05,3.4,3.8
SP1,22-10-2016,Granada,Sp Gijon,0,0,D,0,0,D,12,3,1,3,10,12,3,3,4,1,0,0,2.1,3.4,3.6
SP1,22-10-2016,Sociedad,Alaves,3,0,H,1,0,H,16,10,5,3,17,20,4,2,3,5,0,0,1.67,3.75,5.5
SP1,22-10-2016,Valencia,Barcelona,2,3,A,0,1,A,7,15,4,8,15,13,3,1,5,4,0,0,7,5.25,1.4
SP1,23-10-2016,Celta,La Coruna,4,1,H,1,1,D,9,11,7,1,17,15,5,4,3,5,0,0,1.7,3.6,5.5
SP1,23-10-2016,Malaga,Leganes,4,0,H,2,0,H,24,14,8,5,12,15,5,8,1,3,0,0,1.85,3.3,4.75
SP1,23-10-2016,Real Madrid,Ath Bilbao,2,1,H,1,1,D,24,10,8,3,10,17,6,4,2,3,0,0,1.2,7,13
SP1,23-10-2016,Sevilla,Ath Madrid,1,0,H,0,0,D,12,9,5,3,15,11,4,5,4,2,0,1,4,3.5,1.95
SP1,23-10-2016,Villarreal,Las Palmas,2,1,H,0,1,A,14,8,4,4,16,12,2,1,2,3,0,0,1.67,3.8,5.25
SP1,28-10-2016,Leganes,Sociedad,0,2,A,0,1,A,7,9,4,5,19,15,1,4,5,2,0,0,2.63,3.1,2.88
SP1,29-10-2016,Alaves,Real Madrid,1,4,A,1,2,A,8,15,3,5,15,6,4,3,5,1,0,0,13,6.5,1.22
SP1,29-10-2016,Ath Madrid,Malaga,4,2,H,3,1,H,16,6,7,3,10,10,6,2,2,4,1,1,1.22,6,15
SP1,29-10-2016,Barcelona,Granada,1,0,H,0,0,D,15,1,5,0,7,17,8,1,1,4,0,0,1.05,17,34
SP1,29-10-2016,Sp Gijon,Sevilla,1,1,D,1,1,D,9,20,5,6,17,9,3,4,6,2,0,0,3.8,3.6,1.95
SP1,30-10-2016,Ath Bilbao,Osasuna,1,1,D,1,1,D,18,7,4,3,10,11,9,2,2,1,0,0,1.36,5,8.5
SP1,30-10-2016,Betis,Espanol,0,1,A,0,0,D,13,10,5,5,15,15,8,3,3,3,0,0,2.25,3.25,3.4
SP1,30-10-2016,Eibar,Villarreal,2,1,H,0,1,A,13,6,9,1,16,16,3,7,2,3,0,0,3,3.2,2.5
SP1,30-10-2016,Las Palmas,Celta,3,3,D,0,3,A,17,9,8,6,13,22,8,1,2,6,0,1,2.3,3.3,3.2
SP1,31-10-2016,La Coruna,Valencia,1,1,D,1,0,H,16,10,4,3,14,21,5,6,1,5,0,0,2.88,3.2,2.55
SP1,04-11-2016,Malaga,Sp Gijon,3,2,H,1,1,D,22,7,7,4,12,20,9,2,5,4,0,1,1.73,3.6,5.25
SP1,05-11-2016,Granada,La Coruna,1,1,D,0,0,D,14,13,6,5,11,7,7,6,1,2,0,0,2.6,3.2,2.8
SP1,05-11-2016,Las Palmas,Eibar,1,0,H,0,0,D,16,13,6,5,10,20,7,4,1,4,0,0,1.91,3.5,4
SP1,05-11-2016,Osasuna,Alaves,0,1,A,0,0,D,10,12,4,3,18,10,3,4,5,2,0,0,2.25,3.2,3.4
SP1,05-11-2016,Sociedad,Ath Madrid,2,0,H,0,0,D,12,9,3,2,18,20,6,6,2,4,0,0,5.75,3.6,1.67
SP1,06-11-2016,Celta,Valencia,2,1,H,1,1,D,7,13,4,4,19,15,4,3,6,1,0,0,2.25,3.4,3.2
SP1,06-11-2016,Espanol,Ath Bilbao,0,0,D,0,0,D,6,4,3,0,13,11,5,3,1,2,0,0,3,3.2,2.5
SP1,06-11-2016,Real Madrid,Leganes,3,0,H,2,0,H,17,7,7,3,7,20,2,2,3,5,0,0,1.07,13,23
SP1,06-11-2016,Sevilla,Barcelona,1,2,A,1,1,D,15,14,4,7,18,12,3,5,4,6,0,0,5.25,4.2,1.62
SP1,06-11-2016,Villarreal,Betis,2,0,H,1,0,H,15,7,7,3,16,12,10,1,0,2,0,0,1.5,4.2,7
SP1,18-11-2016,Betis,Las Palmas,2,0,H,2,0,H,10,9,3,3,22,10,4,5,0,1,0,0,2.35,3.4,3.1
SP1,19-11-2016,Ath Madrid,Real Madrid,0,3,A,0,1,A,16,12,5,7,21,14,8,6,4,2,0,0,2.5,3.3,2.9
SP1,19-11-2016,Barcelona,Malaga,0,0,D,0,0,D,28,4,8,1,13,12,14,1,0,2,0,2,1.13,9,21
SP1,19-11-2016,Eibar,Celta,1,0,H,1,0,H,12,6,5,2,11,13,7,0,2,5,0,2,2.38,3.25,3.1
SP1,19-11-2016,La Coruna,Sevilla,2,3,A,2,1,H,4,20,3,7,15,12,3,14,3,2,0,0,3.3,3.4,2.2
SP1,20-11-2016,Alaves,Espanol,0,1,A,0,0,D,10,10,4,3,20,14,2,5,5,2,0,0,2.5,3.1,3.1
SP1,20-11-2016,Ath Bilbao,Villarreal,1,0,H,0,0,D,12,6,5,2,13,17,6,5,0,2,0,0,2.15,3.3,3.5
SP1,20-11-2016,Sp Gijon,Sociedad,1,3,A,1,1,D,4,20,1,9,17,9,3,5,2,1,0,0,3.4,3.3,2.2
SP1,20-11-2016,Valencia,Granada,1,1,D,0,1,A,14,9,7,5,7,18,11,2,1,5,0,0,1.33,5.5,8.5
SP1,21-11-2016,Leganes,Osasuna,2,0,H,1,0,H,15,5,5,2,13,17,3,2,2,3,0,0,1.85,3.5,4.5
SP1,25-11-2016,Eibar,Betis,3,1,H,2,0,H,16,7,9,2,11,7,5,1,0,1,0,1,1.95,3.4,4.2
SP1,26-11-2016,Espanol,Leganes,3,0,H,0,0,D,8,8,4,3,19,16,3,4,1,2,0,0,1.85,3.4,4.75
SP1,26-11-2016,Malaga,La Coruna,4,3,H,2,1,H,10,24,4,8,15,13,2,5,3,1,0,0,2,3.25,4.2
SP1,26-11-2016,Real Madrid,Sp Gijon,2,1,H,2,1,H,19,9,7,3,19,18,5,6,1,3,0,0,1.06,13,34
SP1,26-11-2016,Sevilla,Valencia,2,1,H,0,0,D,6,10,1,4,19,14,3,6,0,1,0,0,1.73,3.75,5
SP1,27-11-2016,Celta,Granada,3,1,H,2,0,H,16,7,6,1,4,15,5,0,0,3,0,0,1.53,4,7
SP1,27-11-2016,Osasuna,Ath Madrid,0,3,A,0,2,A,11,7,1,5,9,6,7,4,2,2,0,0,11,5.25,1.3
SP1,27-11-2016,Sociedad,Barcelona,1,1,D,0,0,D,17,10,6,2,16,11,8,6,2,4,0,0,7,4.75,1.44
SP1,27-11-2016,Villarreal,Alaves,0,2,A,0,2,A,23,10,10,7,11,19,12,1,2,3,0,0,1.5,4,7.5
SP1,28-11-2016,Las Palmas,Ath Bilbao,3,1,H,1,0,H,10,10,4,3,19,21,5,3,3,4,0,1,2.5,3.4,2.8
SP1,03-12-2016,Ath Madrid,Espanol,0,0,D,0,0,D,11,5,3,3,10,19,9,2,2,2,0,0,1.22,6,15
SP1,03-12-2016,Barcelona,Real Madrid,1,1,D,0,0,D,11,14,2,5,19,16,5,7,4,2,0,0,1.85,4.2,4.2
SP1,03-12-2016,Granada,Sevilla,2,1,H,1,0,H,11,17,6,6,18,16,4,8,5,2,0,0,4.75,3.5,1.8
SP1,03-12-2016,Leganes,Villarreal,0,0,D,0,0,D,11,9,4,3,21,16,2,4,6,3,0,0,3.8,2.9,2.25
SP1,04-12-2016,Alaves,Las Palmas,1,1,D,1,0,H,9,10,2,3,15,11,3,5,3,3,0,0,2.5,3.2,3
SP1,04-12-2016,Ath Bilbao,Eibar,3,1,H,1,0,H,12,10,5,4,9,16,2,2,1,4,0,0,1.85,3.4,4.75
SP1,04-12-2016,Betis,Celta,3,3,D,1,1,D,16,13,5,6,22,14,4,3,4,1,1,0,2.38,3.25,3.1
SP1,04-12-2016,Sp Gijon,Osasuna,3,1,H,1,0,H,9,15,5,2,17,13,2,5,3,1,0,0,2,3.3,4
SP1,04-12-2016,Valencia,Malaga,2,2,D,2,1,H,8,19,3,6,16,7,2,13,5,1,0,0,1.75,3.6,5
SP1,05-12-2016,La Coruna,Sociedad,5,1,H,3,0,H,15,14,10,3,15,10,8,6,1,4,0,0,3.1,3.1,2.5
SP1,09-12-2016,Malaga,Granada,1,1,D,1,0,H,16,8,7,2,16,14,6,2,3,5,0,0,1.6,4,5.75
SP1,10-12-2016,Las Palmas,Leganes,1,1,D,1,0,H,5,11,1,6,17,18,6,4,3,3,0,0,1.8,3.5,4.75
SP1,10-12-2016,Osasuna,Barcelona,0,3,A,0,0,D,4,17,1,6,18,6,2,5,3,0,0,0,15,7.5,1.18
SP1,10-12-2016,Real Madrid,La Coruna,3,2,H,0,0,D,17,4,5,2,16,17,10,3,3,4,0,0,1.17,8,15
SP1,10-12-2016,Sociedad,Valencia,3,2,H,2,1,H,14,9,6,3,17,20,8,4,4,4,0,1,1.91,3.75,3.8
SP1,11-12-2016,Betis,Ath Bilbao,1,0,H,1,0,H,6,14,1,4,14,12,3,7,3,2,0,0,3.1,3.25,2.38
SP1,11-12-2016,Celta,Sevilla,0,3,A,0,0,D,14,14,6,5,13,13,4,6,3,3,0,0,2.75,3.3,2.63
SP1,11-12-2016,Eibar,Alaves,0,0,D,0,0,D,8,3,1,3,14,7,7,2,1,1,0,0,1.83,3.6,4.5
SP1,11-12-2016,Espanol,Sp Gijon,2,1,H,0,0,D,12,13,6,5,13,10,4,3,1,2,0,0,1.73,3.75,5
SP1,12-12-2016,Villarreal,Ath Madrid,3,0,H,2,0,H,9,13,5,3,13,13,2,7,3,3,0,0,4.5,3.5,1.85
SP1,16-12-2016,Alaves,Betis,1,0,H,0,0,D,10,6,2,3,20,6,6,4,6,1,0,0,2.3,3.1,3.4
SP1,17-12-2016,Ath Madrid,Las Palmas,1,0,H,0,0,D,16,11,3,3,15,11,8,5,2,1,0,0,1.29,5.5,9.5
SP1,17-12-2016,Granada,Sociedad,0,2,A,0,0,D,10,18,4,6,9,11,5,9,0,1,0,0,3.75,3.4,2
SP1,17-12-2016,Sevilla,Malaga,4,1,H,4,0,H,9,16,5,3,17,12,3,6,2,3,1,0,1.5,4.1,6.5
SP1,17-12-2016,Sp Gijon,Villarreal,1,3,A,0,2,A,16,14,7,9,16,14,12,2,2,1,0,0,3.25,3.3,2.2
SP1,18-12-2016,Barcelona,Espanol,4,1,H,1,0,H,14,4,7,1,11,16,5,2,0,3,0,0,1.1,10,26
SP1,18-12-2016,La Coruna,Osasuna,2,0,H,2,0,H,8,13,4,3,8,16,5,1,1,3,0,0,1.57,3.75,6
SP1,18-12-2016,Leganes,Eibar,1,1,D,1,0,H,8,15,2,4,10,10,3,6,2,2,1,0,2.55,3.1,2.88
SP1,19-12-2016,Ath Bilbao,Celta,2,1,H,0,0,D,10,10,7,4,16,13,9,7,4,2,0,1,1.83,3.5,4.33
SP1,06-01-2017,Espanol,La Coruna,1,1,D,0,0,D,14,13,4,3,13,14,2,8,1,1,0,1,2.05,3.3,3.8
SP1,07-01-2017,Eibar,Ath Madrid,0,2,A,0,0,D,15,8,2,4,11,10,5,3,2,2,0,0,5.5,3.5,1.73
SP1,07-01-2017,Las Palmas,Sp Gijon,1,0,H,0,0,D,16,10,10,2,8,18,8,3,2,3,0,0,1.67,3.75,5.5
SP1,07-01-2017,Real Madrid,Granada,5,0,H,4,0,H,23,3,13,1,11,12,9,1,1,4,0,0,1.07,13,26
SP1,07-01-2017,Sociedad,Sevilla,0,4,A,0,2,A,11,11,5,10,15,18,7,4,2,3,0,0,2.25,3.4,3.2
SP1,08-01-2017,Ath Bilbao,Alaves,0,0,D,0,0,D,15,10,4,4,10,13,13,4,2,4,0,0,1.53,3.8,7.5
SP1,08-01-2017,Betis,Leganes,2,0,H,0,0,D,16,9,3,3,10,20,4,2,2,6,0,0,2.1,3.25,3.75
SP1,08-01-2017,Celta,Malaga,3,1,H,1,0,H,6,13,3,4,17,15,2,7,1,4,0,0,1.85,3.6,4.33
SP1,08-01-2017,Villarreal,Barcelona,1,1,D,0,0,D,6,20,3,7,16,13,2,4,1,2,1,0,6,4.33,1.53
SP1,09-01-2017,Osasuna,Valencia,3,3,D,1,2,A,22,7,4,3,19,13,7,3,2,5,0,0,4,3.5,1.95
SP1,14-01-2017,Ath Madrid,Betis,1,0,H,1,0,H,6,10,3,6,15,17,9,2,1,3,0,0,1.2,6.5,17
SP1,14-01-2017,Barcelona,Las Palmas,5,0,H,1,0,H,22,7,10,1,15,11,5,1,3,4,0,0,1.1,11,26
SP1,14-01-2017,La Coruna,Villarreal,0,0,D,0,0,D,13,4,3,1,14,8,10,0,0,1,0,0,2.7,3.1,2.8
SP1,14-01-2017,Leganes,Ath Bilbao,0,0,D,0,0,D,15,10,5,2,20,11,4,8,3,3,0,0,3.25,3.1,2.38
SP1,15-01-2017,Celta,Alaves,1,0,H,0,0,D,13,9,4,1,19,10,7,4,4,3,0,1,1.7,3.75,5.25
SP1,15-01-2017,Granada,Osasuna,1,1,D,0,1,A,8,13,4,3,13,23,3,5,2,4,2,0,2.05,3.4,3.8
SP1,15-01-2017,Sevilla,Real Madrid,2,1,H,0,0,D,9,10,4,3,13,10,6,1,3,1,0,0,3.6,3.8,1.95
SP1,15-01-2017,Sp Gijon,Eibar,2,3,A,1,3,A,10,18,4,7,13,16,2,4,4,0,0,0,2.9,3.1,2.6
SP1,15-01-2017,Valencia,Espanol,2,1,H,1,0,H,10,6,5,3,17,13,6,3,5,0,0,0,1.91,3.6,4
SP1,16-01-2017,Malaga,Sociedad,0,2,A,0,0,D,5,11,1,5,22,12,8,8,0,2,0,0,2.4,3.3,3
SP1,20-01-2017,Las Palmas,La Coruna,1,1,D,1,0,H,9,7,3,1,13,8,4,5,0,1,1,0,2.25,3.3,3.3
SP1,21-01-2017,Alaves,Leganes,2,2,D,1,1,D,8,13,3,4,9,20,4,3,3,2,0,0,2.2,3.1,3.6
SP1,21-01-2017,Espanol,Granada,3,1,H,2,1,H,17,7,8,4,19,17,10,5,0,3,0,0,1.57,4,6
SP1,21-01-2017,Real Madrid,Malaga,2,1,H,2,0,H,14,10,7,6,7,20,5,4,2,3,0,0,1.13,10,17
SP1,21-01-2017,Villarreal,Valencia,0,2,A,0,2,A,20,13,5,5,14,17,7,2,2,2,0,0,1.85,3.6,4.33
SP1,22-01-2017,Ath Bilbao,Ath Madrid,2,2,D,1,1,D,8,11,5,5,12,9,2,6,2,3,0,0,4,3.2,2.05
SP1,22-01-2017,Betis,Sp Gijon,0,0,D,0,0,D,16,7,4,1,14,20,9,5,2,2,0,0,1.73,3.6,5.25
SP1,22-01-2017,Eibar,Barcelona,0,4,A,0,1,A,14,14,6,7,12,4,8,5,3,1,0,0,9.5,6,1.29
SP1,22-01-2017,Osasuna,Sevilla,3,4,A,1,1,D,14,13,7,9,14,8,3,6,5,3,0,0,6,4.33,1.53
SP1,22-01-2017,Sociedad,Celta,1,0,H,0,0,D,17,11,6,5,13,12,4,3,2,2,0,0,1.95,3.6,3.8
SP1,27-01-2017,Osasuna,Malaga,1,1,D,0,0,D,14,14,2,5,9,16,4,6,1,0,0,0,2.88,3.3,2.5
SP1,28-01-2017,Alaves,Ath Madrid,0,0,D,0,0,D,19,8,4,2,19,18,7,2,3,2,0,0,6,3.6,1.62
SP1,28-01-2017,Eibar,La Coruna,3,1,H,2,1,H,12,20,6,7,14,7,9,10,0,2,0,0,2.1,3.25,3.75
SP1,28-01-2017,Leganes,Celta,0,2,A,0,1,A,6,3,0,3,20,14,8,0,1,1,0,0,2.3,3.1,3.4
SP1,28-01-2017,Villarreal,Granada,2,0,H,1,0,H,18,7,6,0,11,18,7,4,3,2,0,0,1.36,4.75,9.5
SP1,29-01-2017,Ath Bilbao,Sp Gijon,2,1,H,0,1,A,11,5,6,3,11,22,5,0,4,3,0,0,1.36,4.75,9.5
SP1,29-01-2017,Betis,Barcelona,1,1,D,0,0,D,17,10,7,4,17,12,8,2,2,3,0,0,12,6,1.25
SP1,29-01-2017,Espanol,Sevilla,3,1,H,2,1,H,16,12,8,5,18,14,7,4,2,2,0,1,3.3,3.4,2.2
SP1,29-01-2017,Real Madrid,Sociedad,3,0,H,1,0,H,7,9,4,3,16,11,0,3,2,1,0,1,1.25,6.5,10
SP1,30-01-2017,Las Palmas,Valencia,3,1,H,1,1,D,9,8,4,3,17,13,6,3,1,3,0,1,2.5,3.4,2.8
SP1,04-02-2017,Ath Madrid,Leganes,2,0,H,1,0,H,12,15,4,2,10,15,3,6,1,1,0,0,1.29,5,15
SP1,04-02-2017,Barcelona,Ath Bilbao,3,0,H,2,0,H,16,10,6,5,11,18,7,3,1,3,0,0,1.22,6.5,13
SP1,04-02-2017,Malaga,Espanol,0,1,A,0,1,A,19,4,5,3,9,18,17,2,1,4,0,0,2.1,3.4,3.6
SP1,04-02-2017,Valencia,Eibar,0,4,A,0,2,A,8,11,1,7,12,10,2,6,2,1,1,0,1.91,3.6,4
SP1,05-02-2017,Sevilla,Villarreal,0,0,D,0,0,D,14,11,4,4,14,16,9,0,2,2,0,0,1.6,3.8,6
SP1,05-02-2017,Sociedad,Osasuna,3,2,H,0,1,A,13,11,6,5,6,22,3,2,2,2,0,0,1.3,5.25,11
SP1,05-02-2017,Sp Gijon,Alaves,2,4,A,0,1,A,12,14,4,7,20,20,8,4,7,3,0,0,2.2,3.3,3.4
SP1,06-02-2017,Granada,Las Palmas,1,0,H,1,0,H,12,15,4,5,27,9,6,5,5,3,0,0,3,3.4,2.38
SP1,10-02-2017,Espanol,Sociedad,1,2,A,1,1,D,7,15,2,5,15,14,5,6,3,2,0,0,2.8,3.2,2.63
SP1,11-02-2017,Alaves,Barcelona,0,6,A,0,2,A,9,21,4,9,16,9,3,9,1,3,0,0,10,5.5,1.3
SP1,11-02-2017,Ath Bilbao,La Coruna,2,1,H,0,1,A,13,8,5,3,12,11,3,2,1,2,0,0,1.67,3.6,5.75
SP1,11-02-2017,Betis,Valencia,0,0,D,0,0,D,16,8,2,4,15,17,4,6,4,3,0,0,2.5,3.25,2.9
SP1,11-02-2017,Osasuna,Real Madrid,1,3,A,1,1,D,11,12,8,6,10,8,3,2,3,2,0,0,13,6.5,1.22
SP1,12-02-2017,Ath Madrid,Celta,3,2,H,1,1,D,16,14,5,6,11,13,3,3,1,2,0,0,1.4,4.5,8.5
SP1,12-02-2017,Las Palmas,Sevilla,0,1,A,0,0,D,15,12,7,3,15,16,1,4,2,4,0,0,3.3,3.6,2.1
SP1,12-02-2017,Leganes,Sp Gijon,0,2,A,0,0,D,9,4,3,2,16,16,4,3,3,6,0,1,1.83,3.4,4.75
SP1,12-02-2017,Villarreal,Malaga,1,1,D,0,1,A,12,11,5,5,14,12,9,9,0,5,1,0,1.8,3.5,4.75
SP1,13-02-2017,Eibar,Granada,4,0,H,2,0,H,25,13,9,3,11,14,7,8,2,2,0,0,1.55,4.2,6
SP1,17-02-2017,Granada,Betis,4,1,H,3,0,H,10,6,8,2,18,9,4,7,4,1,1,1,3,3.2,2.5
SP1,18-02-2017,La Coruna,Alaves,0,1,A,0,0,D,16,6,4,4,13,13,10,6,5,3,0,0,2,3.1,4.2
SP1,18-02-2017,Real Madrid,Espanol,2,0,H,1,0,H,12,3,3,1,12,13,13,2,3,4,0,0,1.14,8,21
SP1,18-02-2017,Sevilla,Eibar,2,0,H,1,0,H,11,11,5,3,13,11,5,2,2,3,0,0,1.45,4.5,7
SP1,18-02-2017,Sp Gijon,Ath Madrid,1,4,A,0,0,D,15,11,2,6,12,10,12,3,1,1,0,0,7.5,4,1.5
SP1,19-02-2017,Barcelona,Leganes,2,1,H,1,0,H,13,11,6,6,8,18,4,4,1,3,0,0,1.07,11,41
SP1,19-02-2017,Celta,Osasuna,3,0,H,1,0,H,11,8,4,3,14,18,3,5,1,0,0,0,1.57,4.2,5.5
SP1,19-02-2017,Sociedad,Villarreal,0,1,A,0,0,D,16,7,0,3,8,19,7,4,2,4,0,0,1.95,3.3,4.2
SP1,19-02-2017,Valencia,Ath Bilbao,2,0,H,2,0,H,15,15,5,5,17,11,3,1,0,1,0,0,2.3,3.25,3.25
SP1,20-02-2017,Malaga,Las Palmas,2,1,H,2,1,H,13,13,6,4,23,14,2,6,3,3,1,0,1.95,3.5,4
SP1,22-02-2017,Valencia,Real Madrid,2,1,H,2,1,H,8,22,5,5,12,18,3,11,5,2,0,0,6,4.33,1.53
SP1,24-02-2017,Las Palmas,Sociedad,0,1,A,0,0,D,18,9,7,2,14,19,6,1,2,2,0,0,2.6,3.4,2.7
SP1,25-02-2017,Alaves,Valencia,2,1,H,0,0,D,13,5,5,2,13,16,2,1,4,2,0,1,2.63,3.1,2.88
SP1,25-02-2017,Betis,Sevilla,1,2,A,1,0,H,15,13,4,4,19,17,4,4,3,3,0,0,3.8,3.4,2.05
SP1,25-02-2017,Eibar,Malaga,3,0,H,1,0,H,8,4,4,2,11,18,2,2,2,4,0,1,2.05,3.4,3.8
SP1,25-02-2017,Leganes,La Coruna,4,0,H,2,0,H,7,11,5,3,18,13,2,7,2,5,0,1,2.4,3.1,3.2
SP1,26-02-2017,Ath Bilbao,Granada,3,1,H,2,1,H,14,7,7,2,14,16,0,3,1,5,0,0,1.44,4.5,7.5
SP1,26-02-2017,Ath Madrid,Barcelona,1,2,A,0,0,D,12,15,4,6,28,14,6,5,4,2,0,0,3,3.4,2.38
SP1,26-02-2017,Espanol,Osasuna,3,0,H,1,0,H,18,4,6,1,11,10,10,2,1,4,0,1,1.67,3.8,5.5
SP1,26-02-2017,Sp Gijon,Celta,1,1,D,0,0,D,20,16,6,5,9,17,7,5,2,4,1,0,2.63,3.4,2.63
SP1,26-02-2017,Villarreal,Real Madrid,2,3,A,0,0,D,11,25,4,6,15,6,5,5,4,1,0,0,5.5,3.75,1.67
SP1,28-02-2017,Malaga,Betis,1,2,A,1,0,H,15,11,4,5,8,16,7,5,3,5,0,0,1.95,3.5,4
SP1,28-02-2017,Sociedad,Eibar,2,2,D,1,1,D,14,13,7,4,12,20,3,5,3,4,1,1,1.85,3.5,4.5
SP1,28-02-2017,Valencia,Leganes,1,0,H,1,0,H,16,3,6,0,12,26,7,3,3,2,0,1,1.75,3.6,5
SP1,01-03-2017,Barcelona,Sp Gijon,6,1,H,3,1,H,25,5,9,2,14,12,10,3,1,3,0,0,1.05,15,41
SP1,01-03-2017,Celta,Espanol,2,2,D,2,2,D,8,8,4,2,16,8,1,3,2,2,1,0,1.91,3.4,4.33
SP1,01-03-2017,Granada,Alaves,2,1,H,1,0,H,13,11,6,5,19,15,4,4,6,4,0,2,2.63,3.2,2.8
SP1,01-03-2017,Osasuna,Villarreal,1,4,A,0,2,A,17,12,3,6,10,13,8,2,3,3,0,0,3.8,3.4,2.05
SP1,01-03-2017,Real Madrid,Las Palmas,3,3,D,1,1,D,20,17,7,8,15,16,7,4,4,3,1,0,1.13,9,21
SP1,02-03-2017,La Coruna,Ath Madrid,1,1,D,1,0,H,13,10,2,4,14,10,7,2,2,1,0,0,5.5,3.75,1.65
SP1,02-03-2017,Sevilla,Ath Bilbao,1,0,H,1,0,H,14,14,4,4,16,10,6,9,6,2,0,0,1.67,3.8,5.25
SP1,03-03-2017,Betis,Sociedad,2,3,A,1,2,A,12,9,5,6,18,15,7,6,4,2,0,0,2.6,3.2,2.88
SP1,04-03-2017,Barcelona,Celta,5,0,H,2,0,H,19,7,9,2,10,16,10,1,1,3,0,0,1.13,8.5,23
SP1,04-03-2017,Eibar,Real Madrid,1,4,A,0,3,A,12,12,2,7,13,14,4,4,1,1,0,0,5,4,1.67
SP1,04-03-2017,Leganes,Granada,1,0,H,0,0,D,16,1,4,1,17,19,7,4,3,2,0,0,1.8,3.4,5
SP1,04-03-2017,Villarreal,Espanol,2,0,H,1,0,H,11,8,6,2,13,18,1,1,2,2,0,0,1.73,3.6,5.25
SP1,05-03-2017,Ath Bilbao,Malaga,1,0,H,0,0,D,15,8,3,2,13,18,8,2,3,5,0,0,1.75,3.6,5
SP1,05-03-2017,Ath Madrid,Valencia,3,0,H,1,0,H,18,6,8,2,17,9,6,2,1,2,0,0,1.44,4.5,7.5
SP1,05-03-2017,Las Palmas,Osasuna,5,2,H,1,2,A,16,10,8,4,7,21,5,1,4,4,0,0,1.57,4,6
SP1,05-03-2017,Sp Gijon,La Coruna,0,1,A,0,1,A,9,7,2,3,11,13,6,4,4,5,0,0,2.6,3.2,2.88
SP1,06-03-2017,Alaves,Sevilla,1,1,D,0,1,A,18,9,4,1,12,16,2,2,2,5,0,0,4.1,3.4,1.95
SP1,08-03-2017,La Coruna,Betis,1,1,D,0,0,D,15,5,5,3,22,17,6,4,4,7,0,0,2.15,3.2,3.7
SP1,10-03-2017,Espanol,Las Palmas,4,3,H,2,1,H,12,12,6,5,18,12,2,5,2,4,0,0,2.2,3.4,3.3
SP1,11-03-2017,Granada,Ath Madrid,0,1,A,0,0,D,12,15,2,6,14,15,4,9,3,3,1,0,7.5,4,1.5
SP1,11-03-2017,Malaga,Alaves,1,2,A,0,1,A,15,4,9,2,17,13,5,3,2,1,0,1,2,3.3,4
SP1,11-03-2017,Sevilla,Leganes,1,1,D,1,1,D,12,12,4,4,20,20,4,1,2,3,0,0,1.36,4.75,8
SP1,11-03-2017,Valencia,Sp Gijon,1,1,D,0,0,D,20,10,7,4,15,20,7,9,3,5,0,0,1.5,4.33,6.5
SP1,12-03-2017,Celta,Villarreal,0,1,A,0,1,A,12,8,1,4,8,11,4,3,4,5,0,0,2.75,3.2,2.75
SP1,12-03-2017,La Coruna,Barcelona,2,1,H,1,0,H,14,16,9,5,7,8,4,8,2,0,0,0,13,6.5,1.22
SP1,12-03-2017,Real Madrid,Betis,2,1,H,1,1,D,14,9,4,4,8,21,8,4,1,0,0,1,1.13,9,21
SP1,12-03-2017,Sociedad,Ath Bilbao,0,2,A,0,1,A,16,9,4,5,15,22,8,3,3,6,0,0,2.1,3.3,3.5
SP1,13-03-2017,Osasuna,Eibar,1,1,D,0,0,D,10,14,6,7,15,14,6,6,4,4,0,0,3.6,3.4,2.1
SP1,17-03-2017,Las Palmas,Villarreal,1,0,H,1,0,H,19,8,10,3,14,14,8,5,2,2,0,1,2.55,3.4,2.75
SP1,18-03-2017,Alaves,Sociedad,1,0,H,1,0,H,10,10,5,2,14,13,5,8,3,3,0,1,2.55,3.2,2.9
SP1,18-03-2017,Ath Bilbao,Real Madrid,1,2,A,0,1,A,12,9,5,4,1,4,5,5,1,4,0,0,5,4,1.67
SP1,18-03-2017,Betis,Osasuna,2,0,H,2,0,H,9,13,5,5,12,15,5,0,0,3,0,0,1.44,4.33,8
SP1,18-03-2017,Eibar,Espanol,1,1,D,1,0,H,16,4,4,1,12,13,6,2,2,4,0,0,1.91,3.5,4.2
SP1,19-03-2017,Ath Madrid,Sevilla,3,1,H,1,0,H,15,9,8,2,16,14,2,2,4,3,0,0,1.67,3.8,5.25
SP1,19-03-2017,Barcelona,Valencia,4,2,H,2,2,D,28,6,12,5,4,12,6,3,3,4,0,1,1.13,9.5,19
SP1,19-03-2017,La Coruna,Celta,0,1,A,0,0,D,9,9,2,2,21,12,3,1,4,4,0,0,2.2,3.3,3.4
SP1,19-03-2017,Leganes,Malaga,0,0,D,0,0,D,14,8,2,1,11,16,6,7,4,2,0,0,2.4,3,3.3
SP1,19-03-2017,Sp Gijon,Granada,3,1,H,0,0,D,15,12,11,5,12,14,6,3,2,4,0,0,2,3.5,3.8
SP1,31-03-2017,Espanol,Betis,2,1,H,0,0,D,8,10,5,3,16,14,4,4,3,2,0,0,2.3,3.2,3.3
SP1,01-04-2017,Malaga,Ath Madrid,0,2,A,0,1,A,21,7,5,6,9,11,6,0,2,2,0,0,5.25,3.5,1.75
SP1,01-04-2017,Osasuna,Ath Bilbao,1,2,A,0,2,A,8,9,6,4,19,9,6,3,4,2,0,0,6,4,1.57
SP1,01-04-2017,Sociedad,Leganes,1,1,D,0,1,A,14,6,5,3,10,16,7,0,2,3,0,0,1.75,3.4,5.5
SP1,01-04-2017,Villarreal,Eibar,2,3,A,1,0,H,15,14,7,4,9,10,11,5,4,3,0,0,1.85,3.6,4.33
SP1,02-04-2017,Granada,Barcelona,1,4,A,0,1,A,7,26,5,13,15,10,1,9,1,3,1,0,13,7.5,1.2
SP1,02-04-2017,Real Madrid,Alaves,3,0,H,1,0,H,18,12,6,3,12,16,3,3,0,2,0,0,1.11,10,19
SP1,02-04-2017,Sevilla,Sp Gijon,0,0,D,0,0,D,18,8,6,2,17,13,9,5,3,4,0,0,1.33,5.5,8.5
SP1,02-04-2017,Valencia,La Coruna,3,0,H,2,0,H,14,13,8,5,17,13,3,6,3,1,0,0,1.85,3.4,4.75
SP1,03-04-2017,Celta,Las Palmas,3,1,H,2,0,H,13,12,6,5,15,10,4,6,3,3,0,0,1.95,3.5,3.8
SP1,04-04-2017,Ath Bilbao,Espanol,2,0,H,2,0,H,13,5,5,2,19,16,5,1,1,3,0,0,1.5,4.2,7
SP1,04-04-2017,Ath Madrid,Sociedad,1,0,H,1,0,H,20,10,8,1,18,13,6,4,0,4,0,0,1.36,4.75,9.5
SP1,04-04-2017,Betis,Villarreal,0,1,A,0,0,D,15,6,3,2,12,15,5,2,2,2,0,0,2.75,3.2,2.7
SP1,05-04-2017,Alaves,Osasuna,0,1,A,0,0,D,15,7,3,6,20,12,5,1,5,1,0,0,1.44,4.5,7
SP1,05-04-2017,Barcelona,Sevilla,3,0,H,3,0,H,15,7,7,3,16,13,4,4,4,2,0,1,1.22,7,11
SP1,05-04-2017,La Coruna,Granada,0,0,D,0,0,D,12,10,3,2,14,10,6,3,1,4,0,0,1.55,4,6.5
SP1,05-04-2017,Leganes,Real Madrid,2,4,A,2,3,A,14,18,3,8,14,16,4,4,2,1,0,0,8,5.25,1.33
SP1,05-04-2017,Sp Gijon,Malaga,0,1,A,0,1,A,14,11,5,3,12,18,7,1,2,5,0,0,2.8,3.25,2.6
SP1,06-04-2017,Eibar,Las Palmas,3,1,H,2,0,H,11,8,6,6,14,12,9,2,2,5,0,0,1.85,3.75,4.2
SP1,06-04-2017,Valencia,Celta,3,2,H,1,1,D,15,12,10,3,16,9,6,2,1,1,0,0,2,3.5,3.75
SP1,07-04-2017,Villarreal,Ath Bilbao,3,1,H,1,1,D,10,11,5,5,16,16,4,5,6,3,1,0,2.15,3.2,3.6
SP1,08-04-2017,Espanol,Alaves,1,0,H,0,0,D,15,9,6,0,11,13,5,3,3,3,0,0,2.1,3.1,3.8
SP1,08-04-2017,Malaga,Barcelona,2,0,H,1,0,H,8,11,4,3,26,20,2,3,4,3,0,1,8,5.25,1.36
SP1,08-04-2017,Real Madrid,Ath Madrid,1,1,D,0,0,D,20,10,6,4,12,13,6,2,2,3,0,0,1.8,3.8,4.33
SP1,08-04-2017,Sevilla,La Coruna,4,2,H,3,2,H,19,9,13,4,19,15,4,2,3,3,0,0,1.5,4.33,6.5
SP1,09-04-2017,Celta,Eibar,0,2,A,0,1,A,12,11,3,6,10,16,0,3,1,3,0,0,2.25,3.4,3.25
SP1,09-04-2017,Granada,Valencia,1,3,A,0,2,A,21,17,5,8,9,13,5,2,2,2,0,0,3.5,3.4,2.1
SP1,09-04-2017,Las Palmas,Betis,4,1,H,1,0,H,9,13,6,5,16,18,2,6,3,4,0,0,2.1,3.5,3.5
SP1,09-04-2017,Osasuna,Leganes,2,1,H,1,1,D,11,17,6,2,14,14,4,8,3,4,0,0,3.8,3.3,2.05
SP1,10-04-2017,Sociedad,Sp Gijon,3,1,H,2,0,H,20,10,7,3,20,19,7,4,1,5,0,0,1.44,4.75,7
SP1,14-04-2017,Ath Bilbao,Las Palmas,5,1,H,3,1,H,18,8,7,2,22,10,14,5,1,2,0,0,1.44,4.5,7.5
SP1,15-04-2017,Ath Madrid,Osasuna,3,0,H,1,0,H,19,3,8,0,11,14,5,2,1,5,0,0,1.14,8,15
SP1,15-04-2017,Barcelona,Sociedad,3,2,H,3,2,H,16,14,9,7,15,17,5,4,3,2,0,0,1.17,6.5,17
SP1,15-04-2017,La Coruna,Malaga,2,0,H,0,0,D,11,11,4,3,15,17,1,4,3,4,0,0,2.25,3.2,3.25
SP1,15-04-2017,Sp Gijon,Real Madrid,2,3,A,1,1,D,4,18,2,6,17,12,4,8,5,1,0,0,6.5,5,1.4
SP1,16-04-2017,Betis,Eibar,2,0,H,1,0,H,6,10,4,3,15,19,4,6,4,4,0,0,2.7,3.2,2.63
SP1,16-04-2017,Granada,Celta,0,3,A,0,1,A,17,15,4,4,17,9,8,1,5,2,0,0,2.8,3.3,2.45
SP1,16-04-2017,Leganes,Espanol,0,1,A,0,0,D,15,7,5,2,20,14,5,1,1,1,0,0,2,3.2,4
SP1,16-04-2017,Valencia,Sevilla,0,0,D,0,0,D,14,10,3,2,19,20,4,2,3,2,0,0,2.55,3.2,2.75
SP1,17-04-2017,Alaves,Villarreal,2,1,H,2,0,H,11,11,5,5,8,13,5,11,2,4,0,0,3,3,2.55
SP1,21-04-2017,Sevilla,Granada,2,0,H,1,0,H,28,9,12,2,18,11,7,2,1,2,0,0,1.17,8,15
SP1,22-04-2017,Espanol,Ath Madrid,0,1,A,0,0,D,10,13,2,3,13,10,5,3,3,2,0,0,5,3.6,1.75
SP1,22-04-2017,Malaga,Valencia,2,0,H,2,0,H,10,13,4,2,16,13,7,6,3,3,0,0,2.2,3.4,3.3
SP1,22-04-2017,Osasuna,Sp Gijon,2,2,D,1,0,H,7,12,1,4,25,10,1,5,3,4,0,0,2.5,3.4,2.8
SP1,22-04-2017,Villarreal,Leganes,2,1,H,0,0,D,11,8,5,4,9,19,3,8,1,3,0,0,1.67,3.6,5.75
SP1,23-04-2017,Celta,Betis,0,1,A,0,0,D,8,17,4,6,16,15,5,6,3,5,0,0,2.05,3.4,3.75
SP1,23-04-2017,Las Palmas,Alaves,1,1,D,1,0,H,14,12,3,5,16,14,3,9,4,1,1,0,2,3.5,3.8
SP1,23-04-2017,Real Madrid,Barcelona,2,3,A,1,1,D,22,16,14,9,13,8,7,4,2,2,1,0,2.05,4,3.2
SP1,23-04-2017,Sociedad,La Coruna,1,0,H,1,0,H,17,5,3,1,16,16,11,1,1,3,0,0,1.57,4,6
SP1,24-04-2017,Eibar,Ath Bilbao,0,1,A,0,0,D,7,9,2,3,15,9,5,5,4,2,1,0,2.6,3.3,2.75
SP1,25-04-2017,Ath Madrid,Villarreal,0,1,A,0,0,D,23,6,9,2,15,16,5,1,2,6,0,0,1.4,4.1,9
SP1,25-04-2017,Granada,Malaga,0,2,A,0,0,D,3,17,1,6,22,13,2,4,5,0,0,0,3.9,3.5,1.95
SP1,25-04-2017,Sp Gijon,Espanol,1,1,D,1,0,H,16,14,6,5,9,11,7,2,1,2,0,0,2.05,3.4,3.6
SP1,26-04-2017,Barcelona,Osasuna,7,1,H,2,0,H,19,3,9,2,3,7,10,1,0,0,0,0,1.02,17,34
SP1,26-04-2017,La Coruna,Real Madrid,2,6,A,1,3,A,19,22,7,11,12,5,4,5,3,1,0,0,8,4.75,1.4
SP1,26-04-2017,Leganes,Las Palmas,3,0,H,0,0,D,16,7,5,0,14,17,6,3,1,0,0,0,1.73,3.6,4.75
SP1,26-04-2017,Valencia,Sociedad,2,3,A,0,2,A,14,8,3,2,15,21,2,3,4,3,0,0,2.6,3.4,2.7
SP1,27-04-2017,Alaves,Eibar,0,0,D,0,0,D,14,6,4,4,13,14,3,2,4,2,0,1,2.75,3.2,2.7
SP1,27-04-2017,Ath Bilbao,Betis,2,1,H,0,0,D,18,9,9,3,10,17,11,1,1,3,0,0,1.4,4.5,9
SP1,27-04-2017,Sevilla,Celta,2,1,H,0,0,D,16,10,5,1,20,18,5,1,1,2,0,1,1.33,5.5,8
SP1,28-04-2017,Villarreal,Sp Gijon,3,1,H,1,0,H,18,14,6,7,9,10,4,7,2,1,0,0,1.4,4.75,8
SP1,29-04-2017,Espanol,Barcelona,0,3,A,0,0,D,6,15,3,9,19,18,4,5,3,0,0,0,15,7.5,1.18
SP1,29-04-2017,Las Palmas,Ath Madrid,0,5,A,0,3,A,15,8,3,7,6,13,7,1,4,4,1,0,5.25,3.6,1.73
SP1,29-04-2017,Real Madrid,Valencia,2,1,H,1,0,H,20,9,5,2,13,10,2,3,3,4,0,0,1.17,9,13
SP1,29-04-2017,Sociedad,Granada,2,1,H,1,0,H,13,5,5,3,14,16,7,1,0,3,0,0,1.17,7.5,17
SP1,30-04-2017,Betis,Alaves,1,4,A,1,0,H,11,9,3,5,14,16,4,0,1,5,0,0,2.1,3.2,3.8
SP1,30-04-2017,Celta,Ath Bilbao,0,3,A,0,1,A,5,22,0,12,8,11,0,11,1,1,0,0,4.5,3.7,1.8
SP1,30-04-2017,Eibar,Leganes,2,0,H,0,0,D,9,12,5,1,12,9,2,11,1,1,0,0,2.1,3.3,3.75
SP1,30-04-2017,Osasuna,La Coruna,2,2,D,1,1,D,16,15,5,5,9,11,7,7,2,3,0,0,3.9,3.6,1.95
SP1,01-05-2017,Malaga,Sevilla,4,2,H,1,1,D,11,9,5,4,14,18,1,3,3,5,0,0,4,3.6,1.91
SP1,05-05-2017,Sevilla,Sociedad,1,1,D,1,0,H,11,9,3,3,20,10,10,3,4,3,0,1,1.62,4,5.5
SP1,06-05-2017,Ath Madrid,Eibar,1,0,H,0,0,D,14,7,5,3,6,10,6,5,3,3,1,0,1.3,5.25,11
SP1,06-05-2017,Barcelona,Villarreal,4,1,H,2,1,H,20,8,8,4,10,13,4,3,2,4,0,0,1.14,8.5,17
SP1,06-05-2017,Granada,Real Madrid,0,4,A,0,4,A,13,16,3,8,14,8,6,3,1,0,0,0,21,9,1.13
SP1,06-05-2017,Sp Gijon,Las Palmas,1,0,H,0,0,D,16,8,3,2,19,15,5,4,4,3,0,0,1.5,4.75,5.5
SP1,07-05-2017,Alaves,Ath Bilbao,1,0,H,0,0,D,9,20,3,6,14,11,3,10,1,4,0,0,4.75,3.5,1.8
SP1,07-05-2017,La Coruna,Espanol,1,2,A,0,2,A,21,9,5,3,10,14,12,4,1,2,0,0,2,3.4,4
SP1,07-05-2017,Malaga,Celta,3,0,H,1,0,H,14,5,8,2,13,18,2,1,2,4,0,0,1.4,4.5,7.5
SP1,07-05-2017,Valencia,Osasuna,4,1,H,2,0,H,19,9,8,4,15,11,9,2,3,2,0,0,1.22,6.5,13
SP1,08-05-2017,Leganes,Betis,4,0,H,2,0,H,6,13,4,3,18,13,2,2,3,0,0,0,1.65,3.8,5.75
SP1,13-05-2017,Espanol,Valencia,0,1,A,0,0,D,15,9,3,3,19,14,7,2,0,4,0,0,2.4,3.3,3
SP1,13-05-2017,Osasuna,Granada,2,1,H,1,1,D,19,9,7,3,11,9,8,3,1,3,0,0,1.8,3.8,4.33
SP1,14-05-2017,Alaves,Celta,3,1,H,3,0,H,11,15,4,4,11,13,4,4,1,3,0,0,1.8,3.4,5
SP1,14-05-2017,Ath Bilbao,Leganes,1,1,D,1,0,H,15,5,6,2,12,8,10,1,2,7,0,0,1.44,4.2,8.5
SP1,14-05-2017,Betis,Ath Madrid,1,1,D,0,0,D,13,5,5,2,7,16,3,5,4,4,0,0,7,3.75,1.57
SP1,14-05-2017,Eibar,Sp Gijon,0,1,A,0,1,A,10,11,2,4,9,10,5,6,2,2,0,0,2,3.75,3.5
SP1,14-05-2017,Las Palmas,Barcelona,1,4,A,0,2,A,11,11,5,5,13,15,3,6,0,1,0,0,26,11,1.08
SP1,14-05-2017,Real Madrid,Sevilla,4,1,H,2,0,H,14,11,7,6,14,19,4,5,4,2,0,0,1.17,8,15
SP1,14-05-2017,Sociedad,Malaga,2,2,D,1,1,D,15,9,5,4,10,16,9,3,1,2,0,0,1.53,4.1,6.5
SP1,14-05-2017,Villarreal,La Coruna,0,0,D,0,0,D,21,3,4,1,15,21,11,3,2,4,0,0,1.5,4.33,6.5
SP1,17-05-2017,Celta,Real Madrid,1,4,A,0,1,A,17,13,6,8,17,9,4,6,4,2,1,0,13,7,1.2
SP1,19-05-2017,Granada,Espanol,1,2,A,1,2,A,16,5,7,3,12,9,3,3,0,3,0,0,4.5,4,1.73
SP1,20-05-2017,La Coruna,Las Palmas,3,0,H,3,0,H,9,13,5,4,25,14,0,9,4,2,0,1,1.73,4,4.5
SP1,20-05-2017,Leganes,Alaves,1,1,D,0,0,D,15,17,4,5,9,14,8,4,0,1,0,0,2.1,3.25,3.75
SP1,20-05-2017,Sevilla,Osasuna,5,0,H,3,0,H,17,5,7,2,11,8,1,1,3,1,0,0,1.14,9,17
SP1,20-05-2017,Sp Gijon,Betis,2,2,D,1,1,D,11,21,5,9,15,14,2,3,0,2,0,0,2.5,3.4,2.8
SP1,21-05-2017,Ath Madrid,Ath Bilbao,3,1,H,2,0,H,12,16,4,1,13,11,2,5,2,0,0,0,2,3.5,3.8
SP1,21-05-2017,Barcelona,Eibar,4,2,H,0,1,A,18,6,11,4,3,16,10,4,1,2,0,1,1.05,15,34
SP1,21-05-2017,Celta,Sociedad,2,2,D,0,0,D,13,18,5,8,8,17,3,7,2,1,0,0,4.75,3.75,1.75
SP1,21-05-2017,Malaga,Real Madrid,0,2,A,0,1,A,22,16,6,8,6,9,9,7,2,0,0,0,11,7,1.22
SP1,21-05-2017,Valencia,Villarreal,1,3,A,0,1,A,16,14,5,6,15,10,9,0,2,2,0,0,3.1,3.4,2.3
